{
  "config": {
    "bz": {
      "func": "bz-250um",
      "tags": [
        6
      ]
    },
    "healthy": {
      "func": "healthy-250um",
      "tags": [
        60,
        80
      ]
    },
    "scar": {
      "func": "scar-bath",
      "tags": [
        5
      ]
    },
    "atria": {
      "func": "atria-bath",
      "tags": [
        20,
        40,
        65,
        83
      ]
    },
    "blood": {
      "func": "blood-bath",
      "tags": [
        33,
        50,
        70,
        71,
        90,
        94
      ]
    },
    "lungs": {
      "func": "lungs-bath",
      "tags": [
        407
      ]
    },
    "torso": {
      "func": "torso-bath",
      "tags": [
        401
      ]
    }
  },
  "functions": {
    "bz-250um": {
      "CV": {
        "CVres-file": "../../../calibration/CVr_bz-250um_bcl_600.0.dat",
        "CVmeas": {
          "vf": 0.5909000098503031,
          "vs": 0.10720309149702385,
          "vn": 0.10720309149702385
        },
        "CVref": {
          "vf": 0.5909,
          "vs": 0.1072,
          "vn": 0.1072
        },
        "G": {
          "gel": 1.1081905375474852,
          "gen": 0.1795811040378583,
          "get": 0.1795811040378583,
          "gil": 0.3085202456532199,
          "gin": 0.014457800748810624,
          "git": 0.014457800748810624,
          "surf2vol": 0.14
        }
      },
      "EP": {
        "space-constant": {
          "lf": 1.553348,
          "ls": 0.515506,
          "ln": 0.515506
        },
        "AP-file": "../../../calibration/AP_bz-250um_tenTusscherPanfilov_bcl_600.0.dat",
        "APDres-file": "../../../calibration/APDr_bz-250um_tenTusscherPanfilov_bcl_600.0.dat",
        "apd": 359.36,
        "bcl": 600.0,
        "cycles": 100,
        "init": "../../../calibration/bz-250um_tenTusscherPanfilov_bcl_600.0.sv",
        "init-sv": null,
        "model": "tenTusscherPanfilov",
        "modelpar": "GNa-62%,GCaL-69%,GKr-70%,GKs-80%",
        "plugin-par": null,
        "plugins": null
      }
    },
    "healthy-250um": {
      "CV": {
        "CVres-file": "../../../calibration/CVr_healthy-250um_bcl_600.0.dat",
        "CVmeas": {
          "vf": 0.8533000569065807,
          "vs": 0.473199998665576,
          "vn": 0.473199998665576
        },
        "CVref": {
          "vf": 0.8533,
          "vs": 0.4732,
          "vn": 0.4732
        },
        "G": {
          "gel": 1.1783890436902271,
          "gen": 1.0588339726137064,
          "get": 1.0588339726137064,
          "gil": 0.32806350976335924,
          "gin": 0.08524510796466281,
          "git": 0.08524510796466281,
          "surf2vol": 0.14
        }
      },
      "EP": {
        "space-constant": {
          "lf": 1.558254,
          "ls": 0.985049,
          "ln": 0.985049
        },
        "AP-file": "../../../calibration/AP_healthy-250um_tenTusscherPanfilov_bcl_600.0.dat",
        "APDres-file": "../../../calibration/APDr_healthy-250um_tenTusscherPanfilov_bcl_600.0.dat",
        "apd": 294.49,
        "bcl": 600.0,
        "cycles": 100,
        "init": "../../../calibration/healthy-250um_tenTusscherPanfilov_bcl_600.0.sv",
        "init-sv": null,
        "model": "tenTusscherPanfilov",
        "modelpar": null,
        "plugin-par": null,
        "plugins": null
      }
    },
    "scar-bath": {
      "CV": {
        "G": {
          "gbath": 0.2
        }
      },
      "EP": null
    },
    "atria-bath": {
      "CV": {
        "G": {
          "gbath": 0.0537
        }
      },
      "EP": null
    },
    "blood-bath": {
      "CV": {
        "G": {
          "gbath": 0.7
        }
      },
      "EP": null
    },
    "lungs-bath": {
      "CV": {
        "G": {
          "gbath": 0.0389
        }
      },
      "EP": null
    },
    "torso-bath": {
      "CV": {
        "G": {
          "gbath": 0.22
        }
      },
      "EP": null
    }
  },
  "electrodes": {
    "version": 2,
    "definitions": {
      "E0": {
        "p0": [
            122396.0,
            9307.16,
            -198924.0
          ],
          "radius": 2001.0,
        "type": "sphere"
      }
    }
  },
  "solver": {
    "dt": 25.0,
    "dx": 250.0,
    "beqm": true,
    "fixge": false,
    "lumping": false,
    "opsplit": true,
    "source_model": "monodomain",
    "tolerance": 1e-09,
    "ts": 1,
    "dtsubstep": 1
  },
  "protocols": {
    "version": 2,
    "apd_restitution": {
      "s1s2": {
        "type": "S1S2",
        "bcl": 600.0,
        "CI0": 50.0,
        "CI1": 600.0,
        "pp_beats": 20,
        "pm_beats": 5,
        "pm_dec": 10
      }
    },
    "prepacing": {
      "pp": {
        "propagation": "rd",
        "bcl": 600,
        "num_cycles": 3,
        "lat_file": null,
        "restart": null,
        "electrodes": [
          "E0"
        ],
        "rel_timings": [
          0.0
        ]
      }
    }
  },
    "lfsetup": {
        "leadfields": {
            "LA": {
                "file": "./mesh_3000um/leadfields/grfnc_ref_158196_src_98849.bdat",
                "srcvtx": 98849
            },
            "LL": {
                "file": "./mesh_3000um/leadfields/grfnc_ref_158196_src_69349.bdat",
                "srcvtx": 69349
            },
            "RA": {
                "file": "./mesh_3000um/leadfields/grfnc_ref_158196_src_319512.bdat",
                "srcvtx": 319512
            },
            "V1": {
                "file": "./mesh_3000um/leadfields/grfnc_ref_158196_src_67612.bdat",
                "srcvtx": 67612
            },
            "V2": {
                "file": "./mesh_3000um/leadfields/grfnc_ref_158196_src_193830.bdat",
                "srcvtx": 193830
            },
            "V3": {
                "file": "./mesh_3000um/leadfields/grfnc_ref_158196_src_264617.bdat",
                "srcvtx": 264617
            },
            "V4": {
                "file": "./mesh_3000um/leadfields/grfnc_ref_158196_src_66499.bdat",
                "srcvtx": 66499
            },
            "V5": {
                "file": "./mesh_3000um/leadfields/grfnc_ref_158196_src_69979.bdat",
                "srcvtx": 69979
            },
            "V6": {
                "file": "./mesh_3000um/leadfields/grfnc_ref_158196_src_74789.bdat",
                "srcvtx": 74789
            }
        },
        "potential_order": [
            "aVL",
            "I",
            "maVR",
            "II",
            "aVF",
            "III",
            "V1",
            "V2",
            "V3",
            "V4",
            "V5",
            "V6"
        ],
        "potentials": {
            "I": {
                "op": "+1.000000*LA-1.000000*RA",
                "plot": true
            },
            "II": {
                "op": "+1.000000*LL-1.000000*RA",
                "plot": true
            },
            "III": {
                "op": "+1.000000*LL-1.000000*LA",
                "plot": true
            },
            "V1": {
                "op": "+1.000000*V1-0.333333*RA-0.333333*LA-0.333333*LL",
                "plot": true
            },
            "V2": {
                "op": "+1.000000*V2-0.333333*RA-0.333333*LA-0.333333*LL",
                "plot": true
            },
            "V3": {
                "op": "+1.000000*V3-0.333333*RA-0.333333*LA-0.333333*LL",
                "plot": true
            },
            "V4": {
                "op": "+1.000000*V4-0.333333*RA-0.333333*LA-0.333333*LL",
                "plot": true
            },
            "V5": {
                "op": "+1.000000*V5-0.333333*RA-0.333333*LA-0.333333*LL",
                "plot": true
            },
            "V6": {
                "op": "+1.000000*V6-0.333333*RA-0.333333*LA-0.333333*LL",
                "plot": true
            },
            "aVF": {
                "op": "+1.000000*LL-0.500000*RA-0.500000*LA",
                "plot": true
            },
            "aVL": {
                "op": "+1.000000*LA-0.500000*RA-0.500000*LL",
                "plot": true
            },